"FullName","Length"
"C:\Users\bryan\Documents\umbral-studio\media-backup\Supabase Snippet Untitled query (1).csv","1278989"
"C:\Users\bryan\Documents\umbral-studio\media-backup\Supabase Snippet Untitled query (2).csv","1278989"
"C:\Users\bryan\Documents\umbral-studio\media-backup\Supabase Snippet Untitled query (3).csv","28269"
"C:\Users\bryan\Documents\umbral-studio\media-backup\Supabase Snippet Untitled query (4).csv","1278989"
"C:\Users\bryan\Documents\umbral-studio\media-backup\Supabase Snippet Untitled query (5).csv","21631"
"C:\Users\bryan\Documents\umbral-studio\media-backup\Supabase Snippet Untitled query.csv","759285"
"C:\Users\bryan\Documents\umbral-studio\media-backup\umbra_supabase_media_inventory.csv","35749"
"C:\Users\bryan\Documents\umbral-studio\media-backup\Ash?Nodia\1790356618371-ash-character-portrait.png","2678416"
"C:\Users\bryan\Documents\umbral-studio\media-backup\Ash?Nodia\1790356625725-ash-reference-production-sheet.png","3106376"
"C:\Users\bryan\Documents\umbral-studio\media-backup\Ash?Nodia\1790356635134-ash-alternate-true-form.png","3263786"
"C:\Users\bryan\Documents\umbral-studio\media-backup\Atherous\1790319732526-aetheros-character-portrait.png","2969824"
"C:\Users\bryan\Documents\umbral-studio\media-backup\Atherous\1790319737660-aetheros-reference-production-sheet.png","3314437"
"C:\Users\bryan\Documents\umbral-studio\media-backup\Atherous\1790319744447-aetheros-alternate-true-form.png","3286682"
"C:\Users\bryan\Documents\umbral-studio\media-backup\Calliope\1790363775772-calliope-character-portrait.png","2290990"
"C:\Users\bryan\Documents\umbral-studio\media-backup\Calliope\1790363780954-calliope-reference-production-shee.png","2945461"
"C:\Users\bryan\Documents\umbral-studio\media-backup\Calliope\1790363787036-calliope-alternate-true-form.png","2987597"
"C:\Users\bryan\Documents\umbral-studio\media-backup\Cosmo\1790363585841-cosmo-character-portrait.png","2916661"
"C:\Users\bryan\Documents\umbral-studio\media-backup\Cosmo\1790363591989-cosmo-reference-production-sheet.png","3358608"
"C:\Users\bryan\Documents\umbral-studio\media-backup\Cosmo\1790363598396-cosmo-alternate-true-form.png","3399693"
"C:\Users\bryan\Documents\umbral-studio\media-backup\Count Vex\1790355157048-count-vex-character-portrait.png","2278924"
"C:\Users\bryan\Documents\umbral-studio\media-backup\Count Vex\1790355222664-count-vex-reference-production-sheet.png","2607860"
"C:\Users\bryan\Documents\umbral-studio\media-backup\Count Vex\1790355291182-count-vex-alternate-true-form.png","2752893"
"C:\Users\bryan\Documents\umbral-studio\media-backup\Ezra\1790356417100-ezra-character-portrait.png","2908039"
"C:\Users\bryan\Documents\umbral-studio\media-backup\Ezra\1790356429322-ezra-reference-production-sheet.png","3368206"
"C:\Users\bryan\Documents\umbral-studio\media-backup\Ezra\1790356437345-ezra-alternate-true-form.png","3509561"
"C:\Users\bryan\Documents\umbral-studio\media-backup\Gaius\1790360157683-gaius-character-portrait.png","2792989"
"C:\Users\bryan\Documents\umbral-studio\media-backup\Gaius\1790360166812-gaius-reference-production-sheet.png","3036221"
"C:\Users\bryan\Documents\umbral-studio\media-backup\Gaius\1790360177853-gaius-alternate-true-form.png","3133847"
"C:\Users\bryan\Documents\umbral-studio\media-backup\Gemma\1790364214194-gemma-character-portrait.png","2764271"
"C:\Users\bryan\Documents\umbral-studio\media-backup\Gemma\1790364230710-gemma-alternate-true-form.png","3382857"
"C:\Users\bryan\Documents\umbral-studio\media-backup\Gemma\1790364310030-gemma-reference-production-sheet.png","3321130"
"C:\Users\bryan\Documents\umbral-studio\media-backup\Herabelle\1790364033055-herabelle-character-portrait.png","3213871"
"C:\Users\bryan\Documents\umbral-studio\media-backup\Herabelle\1790364038492-herabelle-reference-production-sheet.png","3025757"
"C:\Users\bryan\Documents\umbral-studio\media-backup\Herabelle\1790364048033-herabelle-alternate-true-form.png","3169277"
"C:\Users\bryan\Documents\umbral-studio\media-backup\Huxleigh\1790363860158-huxleigh-character-portrait.png","2617876"
"C:\Users\bryan\Documents\umbral-studio\media-backup\Huxleigh\1790363867954-huxleigh-reference-production-sheet.png","3110190"
"C:\Users\bryan\Documents\umbral-studio\media-backup\Huxleigh\1790363873642-huxleigh-alternate-true-form.png","3566436"
"C:\Users\bryan\Documents\umbral-studio\media-backup\Ife\1790355886982-ife-character-portrait-2.png","2900701"
"C:\Users\bryan\Documents\umbral-studio\media-backup\Ife\1790355900799-ife-reference-production-sheet.png","3341382"
"C:\Users\bryan\Documents\umbral-studio\media-backup\Ife\1790355917413-ife-alternate-true-form.png","3105406"
"C:\Users\bryan\Documents\umbral-studio\media-backup\Ignis\1790318177179-ignis-character-portrait.png","2478179"
"C:\Users\bryan\Documents\umbral-studio\media-backup\Ignis\1790318348588-ignis-reference-production-sheet.png","2856558"
"C:\Users\bryan\Documents\umbral-studio\media-backup\Ignis\1790318419544-ignis-alternate-true-form.png","2689748"
"C:\Users\bryan\Documents\umbral-studio\media-backup\King Kaelo\1790360382571-king-kaelo-character-portrait.png","2439781"
"C:\Users\bryan\Documents\umbral-studio\media-backup\King Kaelo\1790360398954-king-kaelo-reference-production-sheet.png","3053656"
"C:\Users\bryan\Documents\umbral-studio\media-backup\King Kaelo\1790360411311-king-kaelo-alternate-true-form.png","3116243"
"C:\Users\bryan\Documents\umbral-studio\media-backup\Kusa-No-Shin Durasurya\1790319871004-kusa-no-shin-character-portrait.png","3029656"
"C:\Users\bryan\Documents\umbral-studio\media-backup\Kusa-No-Shin Durasurya\1790319878935-kus-no-shin-reference-production-sheet.png","3274541"
"C:\Users\bryan\Documents\umbral-studio\media-backup\Kusa-No-Shin Durasurya\1790319885670-kusa-no-shin-alternate-true-form.png","3466749"
"C:\Users\bryan\Documents\umbral-studio\media-backup\Lord Alistar Vane\1790360559565-ailstar-character-portrait.png","2511250"
"C:\Users\bryan\Documents\umbral-studio\media-backup\Lord Alistar Vane\1790360575346-ailstar-reference-production-sheet.png","3051029"
"C:\Users\bryan\Documents\umbral-studio\media-backup\Lord Alistar Vane\1790360586376-ailstar-alternate-true-form.png","3071168"
"C:\Users\bryan\Documents\umbral-studio\media-backup\Lord Corvin Sterling\1790360678101-corvin-character-portrait.png","2052187"
"C:\Users\bryan\Documents\umbral-studio\media-backup\Lord Corvin Sterling\1790360695453-corvin-reference-production-sheet.png","2600531"
"C:\Users\bryan\Documents\umbral-studio\media-backup\Lord Corvin Sterling\1790360714190-corvin-alternate-true-form.png","2992482"
"C:\Users\bryan\Documents\umbral-studio\media-backup\Mvula\1790321436461-mvula-character-portrait.png","2603446"
"C:\Users\bryan\Documents\umbral-studio\media-backup\Mvula\1790321444313-mvula-reference-production-sheet.png","2830650"
"C:\Users\bryan\Documents\umbral-studio\media-backup\Nysera Sylvaris\1790356295017-nysera-sylvaris-character-portrait.png","2890904"
"C:\Users\bryan\Documents\umbral-studio\media-backup\Nysera Sylvaris\1790356310666-nysera-sylvaris-reference-production-sheet.png","2985866"
"C:\Users\bryan\Documents\umbral-studio\media-backup\Nysera Sylvaris\1790356321872-nysera-sylvaris-2-alternate-true-form.png","3309788"
"C:\Users\bryan\Documents\umbral-studio\media-backup\Peregrine\1790364115845-peregrine-character-portrait.png","2382369"
"C:\Users\bryan\Documents\umbral-studio\media-backup\Peregrine\1790364122249-peregrine-reference-production-sheet.png","2561910"
"C:\Users\bryan\Documents\umbral-studio\media-backup\Peregrine\1790364130239-peregrine-alternate-true-form.png","2906915"
"C:\Users\bryan\Documents\umbral-studio\media-backup\Rahim\1790356514399-rahim-character-portrait.png","2536553"
"C:\Users\bryan\Documents\umbral-studio\media-backup\Rahim\1790356521344-rahim-reference-production-sheet.png","2970708"
"C:\Users\bryan\Documents\umbral-studio\media-backup\Rahim\1790356526948-rahim-alternate-true-form.png","3198513"
"C:\Users\bryan\Documents\umbral-studio\media-backup\Ruchika\1790317260638-ruchika-s-character-portrait.png","2742085"
"C:\Users\bryan\Documents\umbral-studio\media-backup\Ruchika\1790317393231-ruchika-s-reference-production-sheet.png","3239047"
"C:\Users\bryan\Documents\umbral-studio\media-backup\Ruchika\1790317539819-ruchika-s-alternate-true-form.png","3332511"
"C:\Users\bryan\Documents\umbral-studio\media-backup\Sax\1790363965860-sax-character-portrait.png","2739169"
"C:\Users\bryan\Documents\umbral-studio\media-backup\Sax\1790363972828-sax-reference-production-sheet.png","3234962"
"C:\Users\bryan\Documents\umbral-studio\media-backup\Sax\1790363979976-sax-alternate-true-form.png","3230209"
"C:\Users\bryan\Documents\umbral-studio\media-backup\Shailara\1790356221787-shailara-character-portrait.png","2742828"
"C:\Users\bryan\Documents\umbral-studio\media-backup\Shailara\1790356235758-shailara-reference-production-sheet.png","3250467"
"C:\Users\bryan\Documents\umbral-studio\media-backup\Shailara\1790356241924-shailara-alternate-true-form.png","3698957"
"C:\Users\bryan\Documents\umbral-studio\media-backup\Shu?m? L?nhu?\1790319597422-shu-m-l-nhu-character-portrait.png","3245881"
"C:\Users\bryan\Documents\umbral-studio\media-backup\Shu?m? L?nhu?\1790319612245-shu-m-l-nhu-reference-production-sheet.png","3235110"
"C:\Users\bryan\Documents\umbral-studio\media-backup\Shu?m? L?nhu?\1790319622886-shu-m-l-nhu-alternate-true-form.png","3190943"
"C:\Users\bryan\Documents\umbral-studio\media-backup\Silas\1790360616164-silas-character-portrait.png","2517786"
"C:\Users\bryan\Documents\umbral-studio\media-backup\Silas\1790360624556-silas-reference-production-sheet.png","3101501"
"C:\Users\bryan\Documents\umbral-studio\media-backup\Silas\1790360632228-silas-alternate-true-form.png","2940922"
"C:\Users\bryan\Documents\umbral-studio\media-backup\Terrax\1790318633853-terrax-character-portrait.png","2656248"
"C:\Users\bryan\Documents\umbral-studio\media-backup\Terrax\1790318701593-terrax-reference-production-sheet.png","3185851"
"C:\Users\bryan\Documents\umbral-studio\media-backup\Terrax\1790318762884-terrax-alternate-true-form.png","3283312"
"C:\Users\bryan\Documents\umbral-studio\media-backup\Venny'Claire\1790359991558-venny-claire-character-portrait.png","2454707"
"C:\Users\bryan\Documents\umbral-studio\media-backup\Venny'Claire\1790359997049-venny-claire-reference-production-sheet.png","3049944"
"C:\Users\bryan\Documents\umbral-studio\media-backup\Venny'Claire\1790360002404-venny-claire-alternate-true-form.png","2972899"
"C:\Users\bryan\Documents\umbral-studio\media-backup\Venny'Macon\1790360114514-venny-macon-character-portrait.png","2346373"
"C:\Users\bryan\Documents\umbral-studio\media-backup\Venny'Macon\1790360121111-venny-macon-reference-production-sheet.png","3072296"
"C:\Users\bryan\Documents\umbral-studio\media-backup\Venny'Macon\1790360126417-venny-macon-alternate-true-form.png","3098775"
"C:\Users\bryan\Documents\umbral-studio\media-backup\Vorlenien _Vorlag_ Hochmeister\1790363520697-vorlag-character-portrait.png","2253772"
"C:\Users\bryan\Documents\umbral-studio\media-backup\Vorlenien _Vorlag_ Hochmeister\1790363526757-vorlag-reference-production-sheet.png","2707148"
"C:\Users\bryan\Documents\umbral-studio\media-backup\Vorlenien _Vorlag_ Hochmeister\1790363531960-vorlag-alternate-true-form.png","3285676"
"C:\Users\bryan\Documents\umbral-studio\media-backup\Xolani\1790320005150-xolani-character-portrait.png","2407004"
"C:\Users\bryan\Documents\umbral-studio\media-backup\Xolani\1790320018088-xolani-reference-production-sheet.png","2699002"
"C:\Users\bryan\Documents\umbral-studio\media-backup\Xolani\1790320022686-xolani-alternate-true-form.png","3066621"
"C:\Users\bryan\Documents\umbral-studio\media-backup\Ylva Morwenna de la Vega\1790356662790-ylva-character-portrait.png","2617048"
"C:\Users\bryan\Documents\umbral-studio\media-backup\Ylva Morwenna de la Vega\1790356671135-ylva-reference-production-sheet.png","3319144"
"C:\Users\bryan\Documents\umbral-studio\media-backup\Ylva Morwenna de la Vega\1790356679144-ylva-alternate-true-form.png","3572664"
"C:\Users\bryan\Documents\umbral-studio\media-backup\Zafir\1790360764956-zafir-character-portrait.png","2682693"
"C:\Users\bryan\Documents\umbral-studio\media-backup\Zafir\1790360783492-zafir-reference-production-sheet.png","3234747"
"C:\Users\bryan\Documents\umbral-studio\media-backup\Zafir\1790360789805-zafir-alternate-true-form.png","3152643"
"C:\Users\bryan\Documents\umbral-studio\media-backup\Zafir\1790360795690-zafir-miniature-form.png","2930880"
