id,user_id,display_name,email,role,signed_in_at,last_seen_at,signed_out_at,created_at
4eef1c51-006c-42df-97d3-ec5ef2ea303a,db618e68-0656-4b9b-b308-81e071faf745,Bryannaparker2521,Bryannaparker2521@gmail.com,primary_admin,2026-09-24 05:35:02.299643+00,2026-09-24 05:37:13.634816+00,2026-09-24 05:37:13.634816+00,2026-09-24 05:35:02.299643+00
b22cdf37-dcdf-4a1e-b7b9-81a0e1ca8184,db618e68-0656-4b9b-b308-81e071faf745,Suga,Bryannaparker2521@gmail.com,primary_admin,2026-09-24 05:37:37.109487+00,2026-09-24 05:55:37.365453+00,null,2026-09-24 05:37:37.109487+00
33418d7b-217a-4bba-b546-6acac4aac261,db618e68-0656-4b9b-b308-81e071faf745,Suga,Bryannaparker2521@gmail.com,primary_admin,2026-09-24 05:55:40.177718+00,2026-09-24 06:15:40.499269+00,null,2026-09-24 05:55:40.177718+00
9b9b5236-189e-4e46-90dc-e4c299f3f972,db618e68-0656-4b9b-b308-81e071faf745,Suga,Bryannaparker2521@gmail.com,primary_admin,2026-09-24 06:16:29.178598+00,2026-09-24 06:27:29.425617+00,null,2026-09-24 06:16:29.178598+00
3b11542f-f00d-40c8-9813-dd4a458481f4,db618e68-0656-4b9b-b308-81e071faf745,Suga,Bryannaparker2521@gmail.com,primary_admin,2026-09-24 06:28:26.088175+00,2026-09-24 06:51:26.409789+00,null,2026-09-24 06:28:26.088175+00
64a60da5-054b-46df-ad76-d67d47b0c87c,db618e68-0656-4b9b-b308-81e071faf745,Suga,Bryannaparker2521@gmail.com,primary_admin,2026-09-24 06:51:47.505685+00,2026-09-24 06:52:40.163736+00,2026-09-24 06:52:40.163736+00,2026-09-24 06:51:47.505685+00
5012d72b-6ee2-42e9-83c7-5c750e8c7ecd,db618e68-0656-4b9b-b308-81e071faf745,Suga,Bryannaparker2521@gmail.com,primary_admin,2026-09-24 06:52:56.518364+00,2026-09-24 06:54:56.843411+00,null,2026-09-24 06:52:56.518364+00
e1182260-5bac-4e22-baa6-fabe2dc8f4ea,db618e68-0656-4b9b-b308-81e071faf745,Suga,Bryannaparker2521@gmail.com,primary_admin,2026-09-24 07:13:24.991609+00,2026-09-24 07:14:25.792976+00,null,2026-09-24 07:13:24.991609+00
fe118745-3322-41f2-b156-142452f71097,db618e68-0656-4b9b-b308-81e071faf745,Suga,Bryannaparker2521@gmail.com,primary_admin,2026-09-24 07:48:13.014627+00,2026-09-24 15:36:09.874294+00,null,2026-09-24 07:48:13.014627+00
ebe2b40e-b4f9-4e82-8771-541adc54158f,db618e68-0656-4b9b-b308-81e071faf745,Suga,Bryannaparker2521@gmail.com,primary_admin,2026-09-24 17:49:09.145844+00,2026-09-24 17:49:09.145844+00,null,2026-09-24 17:49:09.145844+00
b9e2d3e0-f366-410e-b452-3aef72476e29,db618e68-0656-4b9b-b308-81e071faf745,Suga,Bryannaparker2521@gmail.com,primary_admin,2026-09-24 17:50:06.16657+00,2026-09-24 17:50:06.16657+00,null,2026-09-24 17:50:06.16657+00
7b029579-a9d9-47a1-9145-2b2b8e9aa9af,db618e68-0656-4b9b-b308-81e071faf745,Suga,Bryannaparker2521@gmail.com,primary_admin,2026-09-24 17:51:03.899441+00,2026-09-24 17:51:03.899441+00,null,2026-09-24 17:51:03.899441+00
2415b38e-8292-45e8-b3cf-2ebb4a60203a,db618e68-0656-4b9b-b308-81e071faf745,Suga,Bryannaparker2521@gmail.com,primary_admin,2026-09-24 17:54:01.019145+00,2026-09-24 18:37:01.114019+00,null,2026-09-24 17:54:01.019145+00
5bbf4972-4596-4528-a86d-0fa6da6516c5,51976fb5-872e-4de9-b023-ec99009e23b2,Bootsy,Bryanwaye24@gmail.com,primary_admin,2026-09-24 18:17:47.344176+00,2026-09-24 18:17:47.344176+00,null,2026-09-24 18:17:47.344176+00
e83e1871-9396-444f-bd9e-77bf5df4db4e,51976fb5-872e-4de9-b023-ec99009e23b2,Bootsy,Bryanwaye24@gmail.com,primary_admin,2026-09-24 18:18:22.531255+00,2026-09-24 18:48:22.779102+00,null,2026-09-24 18:18:22.531255+00
82e1243e-8b5b-4df2-adeb-1224aa5c4d7d,db618e68-0656-4b9b-b308-81e071faf745,Suga,Bryannaparker2521@gmail.com,primary_admin,2026-09-24 18:37:09.65365+00,2026-09-24 18:46:09.9365+00,null,2026-09-24 18:37:09.65365+00
d915da87-30d5-4631-b6be-c98cef1ffe62,db618e68-0656-4b9b-b308-81e071faf745,Suga,Bryannaparker2521@gmail.com,primary_admin,2026-09-24 18:47:12.133996+00,2026-09-24 19:30:12.243199+00,null,2026-09-24 18:47:12.133996+00
57a3f97c-e0f1-4465-bb56-a085ec44a28e,51976fb5-872e-4de9-b023-ec99009e23b2,Bootsy,Bryanwaye24@gmail.com,primary_admin,2026-09-24 18:48:58.175396+00,2026-09-27 02:07:00.266761+00,null,2026-09-24 18:48:58.175396+00
bc9a3aff-9850-47cc-90e0-37acbaf6b5dc,db618e68-0656-4b9b-b308-81e071faf745,Suga,Bryannaparker2521@gmail.com,primary_admin,2026-09-24 19:30:17.080787+00,2026-09-24 20:00:17.473636+00,null,2026-09-24 19:30:17.080787+00
e49087a0-c978-4e3e-806b-1bf66b4a206a,db618e68-0656-4b9b-b308-81e071faf745,Suga,Bryannaparker2521@gmail.com,primary_admin,2026-09-24 20:03:42.364327+00,2026-09-24 20:04:42.694463+00,null,2026-09-24 20:03:42.364327+00
b1087ffc-8b80-453e-a9e3-bb6d70344d2d,db618e68-0656-4b9b-b308-81e071faf745,Suga,Bryannaparker2521@gmail.com,primary_admin,2026-09-24 20:06:33.864805+00,2026-09-24 20:06:33.864805+00,null,2026-09-24 20:06:33.864805+00
42c165b7-fde1-4579-8599-dfaaaf87e57a,db618e68-0656-4b9b-b308-81e071faf745,Suga,Bryannaparker2521@gmail.com,primary_admin,2026-09-24 20:37:54.087066+00,2026-09-24 20:39:54.454815+00,null,2026-09-24 20:37:54.087066+00
3351c968-7e6f-4fa6-a5d2-ca5131100d6b,db618e68-0656-4b9b-b308-81e071faf745,Suga,Bryannaparker2521@gmail.com,primary_admin,2026-09-24 20:40:33.126348+00,2026-09-24 22:35:43.978624+00,2026-09-24 22:35:43.978624+00,2026-09-24 20:40:33.126348+00
6f8353a3-011e-4fbc-a2f6-0a873b8b1a1f,db618e68-0656-4b9b-b308-81e071faf745,Suga,Bryannaparker2521@gmail.com,primary_admin,2026-09-24 20:47:48.214428+00,2026-09-24 22:37:48.167682+00,null,2026-09-24 20:47:48.214428+00
a41f5931-7c44-4c5a-8a40-c9c1ba672a8a,f887a689-ad83-436b-9425-1d19fa24086f,Love of Light,renitaparker@me.com,admin,2026-09-24 22:34:20.880956+00,2026-09-24 22:39:21.021504+00,null,2026-09-24 22:34:20.880956+00
57251592-0199-4870-9735-85b4b813a6c4,db618e68-0656-4b9b-b308-81e071faf745,Suga,Bryannaparker2521@gmail.com,primary_admin,2026-09-24 22:36:07.140825+00,2026-09-25 03:32:07.111546+00,null,2026-09-24 22:36:07.140825+00
92af7753-52a5-4917-9866-5457151f4f47,db618e68-0656-4b9b-b308-81e071faf745,Suga,Bryannaparker2521@gmail.com,primary_admin,2026-09-24 23:16:00.048534+00,2026-09-24 23:19:00.397831+00,null,2026-09-24 23:16:00.048534+00
e528fa76-cc44-48e2-a42c-5900bbb7a3c2,db618e68-0656-4b9b-b308-81e071faf745,Suga,Bryannaparker2521@gmail.com,primary_admin,2026-09-24 23:19:34.913392+00,2026-09-24 23:32:35.078053+00,null,2026-09-24 23:19:34.913392+00
0f91a376-09fd-4beb-8c93-c2ff5482b634,db618e68-0656-4b9b-b308-81e071faf745,Suga,Bryannaparker2521@gmail.com,primary_admin,2026-09-24 23:33:52.274003+00,2026-09-24 23:38:52.477814+00,null,2026-09-24 23:33:52.274003+00
72332be4-51ee-415d-9319-03a250d0d2b2,db618e68-0656-4b9b-b308-81e071faf745,Suga,Bryannaparker2521@gmail.com,primary_admin,2026-09-24 23:39:15.016603+00,2026-09-24 23:46:25.731712+00,null,2026-09-24 23:39:15.016603+00
aa9f9aac-00d4-4827-85c8-14a4b29c9576,db618e68-0656-4b9b-b308-81e071faf745,Suga,Bryannaparker2521@gmail.com,primary_admin,2026-09-24 23:47:22.17764+00,2026-09-24 23:54:52.419844+00,null,2026-09-24 23:47:22.17764+00
4f1ce5a6-ac06-4f65-b94b-0eb6dcf385f7,db618e68-0656-4b9b-b308-81e071faf745,Suga,Bryannaparker2521@gmail.com,primary_admin,2026-09-24 23:55:08.74247+00,2026-09-24 23:58:09.321995+00,null,2026-09-24 23:55:08.74247+00
aae2fe1e-11b7-4d29-b549-13749a75187d,db618e68-0656-4b9b-b308-81e071faf745,Suga,Bryannaparker2521@gmail.com,primary_admin,2026-09-24 23:58:56.702355+00,2026-09-25 00:00:57.4337+00,null,2026-09-24 23:58:56.702355+00
2e4d66ec-6574-45c3-922b-87ee53694c2a,db618e68-0656-4b9b-b308-81e071faf745,Suga,Bryannaparker2521@gmail.com,primary_admin,2026-09-25 00:01:28.076455+00,2026-09-25 00:01:28.076455+00,null,2026-09-25 00:01:28.076455+00
5f737aca-0003-413c-9f1d-08cf4be365d5,db618e68-0656-4b9b-b308-81e071faf745,Suga,Bryannaparker2521@gmail.com,primary_admin,2026-09-25 00:18:05.315981+00,2026-09-25 00:30:06.21613+00,null,2026-09-25 00:18:05.315981+00
0a7429b3-9a36-4f2b-b126-febfbd38a94c,db618e68-0656-4b9b-b308-81e071faf745,Suga,Bryannaparker2521@gmail.com,primary_admin,2026-09-25 00:30:37.294365+00,2026-09-25 00:30:37.294365+00,null,2026-09-25 00:30:37.294365+00
d19acacb-4d6e-4da2-8ee4-6670dfb8c375,db618e68-0656-4b9b-b308-81e071faf745,Suga,Bryannaparker2521@gmail.com,primary_admin,2026-09-25 00:32:00.111515+00,2026-09-25 00:36:01.267043+00,null,2026-09-25 00:32:00.111515+00
37c34a49-0d83-427b-bda7-796366238c72,db618e68-0656-4b9b-b308-81e071faf745,Suga,Bryannaparker2521@gmail.com,primary_admin,2026-09-25 00:36:19.853323+00,2026-09-25 00:36:19.853323+00,null,2026-09-25 00:36:19.853323+00
0bdaa789-6a54-48ef-bc20-7b68d7575e34,db618e68-0656-4b9b-b308-81e071faf745,Suga,Bryannaparker2521@gmail.com,primary_admin,2026-09-25 00:36:34.994145+00,2026-09-25 00:44:52.522039+00,null,2026-09-25 00:36:34.994145+00
ec0214fe-23a5-469f-92cc-6dc5f8406353,db618e68-0656-4b9b-b308-81e071faf745,Suga,Bryannaparker2521@gmail.com,primary_admin,2026-09-25 00:57:19.200903+00,2026-09-25 01:05:20.414407+00,null,2026-09-25 00:57:19.200903+00
ba8406a8-1612-4c23-80cf-42395d76d7ff,db618e68-0656-4b9b-b308-81e071faf745,Suga,Bryannaparker2521@gmail.com,primary_admin,2026-09-25 01:09:23.607924+00,2026-09-25 01:40:52.189954+00,null,2026-09-25 01:09:23.607924+00
3db6f204-dcac-4226-b148-f04914aed3bb,db618e68-0656-4b9b-b308-81e071faf745,Suga,Bryannaparker2521@gmail.com,primary_admin,2026-09-25 01:42:30.013656+00,2026-09-25 01:58:52.191966+00,null,2026-09-25 01:42:30.013656+00
a2f5056d-ff6a-4b2e-9017-ad0451bf95b5,db618e68-0656-4b9b-b308-81e071faf745,Suga,Bryannaparker2521@gmail.com,primary_admin,2026-09-25 02:56:55.716165+00,2026-09-25 02:56:55.716165+00,null,2026-09-25 02:56:55.716165+00
0ae3182f-ae2b-42af-ab71-47334ecaecb5,db618e68-0656-4b9b-b308-81e071faf745,Suga,Bryannaparker2521@gmail.com,primary_admin,2026-09-25 03:08:53.473043+00,2026-09-25 03:20:52.225184+00,null,2026-09-25 03:08:53.473043+00
5cbe8492-5a41-4e88-ab3f-18c7a6cd02c8,db618e68-0656-4b9b-b308-81e071faf745,Suga,Bryannaparker2521@gmail.com,primary_admin,2026-09-25 03:21:11.029584+00,2026-09-25 03:21:11.029584+00,null,2026-09-25 03:21:11.029584+00
9720de38-0903-4f6b-9a9d-753156e186e8,db618e68-0656-4b9b-b308-81e071faf745,Suga,Bryannaparker2521@gmail.com,primary_admin,2026-09-25 03:34:15.250213+00,2026-09-25 03:34:30.071628+00,2026-09-25 03:34:30.071628+00,2026-09-25 03:34:15.250213+00
f68c6dfb-5b48-47f0-b020-39a84d8b3309,db618e68-0656-4b9b-b308-81e071faf745,Suga,Bryannaparker2521@gmail.com,primary_admin,2026-09-25 03:34:49.8407+00,2026-09-25 03:42:50.111317+00,null,2026-09-25 03:34:49.8407+00
9aad0582-c3b9-4130-81ae-8e43057fe1c9,db618e68-0656-4b9b-b308-81e071faf745,Suga,Bryannaparker2521@gmail.com,primary_admin,2026-09-25 03:42:27.78205+00,2026-09-25 03:42:27.78205+00,null,2026-09-25 03:42:27.78205+00
e57f1935-65b2-4e8f-9225-b1bd1ed9db52,db618e68-0656-4b9b-b308-81e071faf745,Suga,Bryannaparker2521@gmail.com,primary_admin,2026-09-25 03:43:57.052925+00,2026-09-25 03:49:57.199791+00,null,2026-09-25 03:43:57.052925+00
173b2a8b-37a8-4f3e-b699-3ea8a0c49bd1,db618e68-0656-4b9b-b308-81e071faf745,Suga,Bryannaparker2521@gmail.com,primary_admin,2026-09-25 03:58:01.57547+00,2026-09-25 04:06:01.79322+00,null,2026-09-25 03:58:01.57547+00
cb653ee9-f691-4565-af21-4c1876b0a8be,db618e68-0656-4b9b-b308-81e071faf745,Suga,Bryannaparker2521@gmail.com,primary_admin,2026-09-25 04:01:00.307605+00,2026-09-25 04:01:00.307605+00,null,2026-09-25 04:01:00.307605+00
030b333a-8782-4036-b23e-217fa29625f1,db618e68-0656-4b9b-b308-81e071faf745,Suga,Bryannaparker2521@gmail.com,primary_admin,2026-09-25 04:01:00.346372+00,2026-09-25 04:01:00.346372+00,null,2026-09-25 04:01:00.346372+00
90eb40c9-e37f-4fc2-8060-3eae4812d718,db618e68-0656-4b9b-b308-81e071faf745,Suga,Bryannaparker2521@gmail.com,primary_admin,2026-09-25 04:05:39.191341+00,2026-09-25 04:05:39.191341+00,null,2026-09-25 04:05:39.191341+00
347ea094-8bda-4c4a-990c-ac994c482c68,db618e68-0656-4b9b-b308-81e071faf745,Suga,Bryannaparker2521@gmail.com,primary_admin,2026-09-25 04:05:42.664085+00,2026-09-25 04:05:42.664085+00,null,2026-09-25 04:05:42.664085+00
745e1f01-f4b3-410b-aa0a-a2303934c0dd,db618e68-0656-4b9b-b308-81e071faf745,Suga,Bryannaparker2521@gmail.com,primary_admin,2026-09-25 04:06:30.640675+00,2026-09-25 05:04:30.713978+00,null,2026-09-25 04:06:30.640675+00
d2db6337-e823-47d5-9d3f-5b2adaac80a0,db618e68-0656-4b9b-b308-81e071faf745,Suga,Bryannaparker2521@gmail.com,primary_admin,2026-09-25 05:05:07.5206+00,2026-09-25 05:05:07.5206+00,null,2026-09-25 05:05:07.5206+00
2f318225-2e35-470a-8411-c1e0eb801448,db618e68-0656-4b9b-b308-81e071faf745,Suga,Bryannaparker2521@gmail.com,primary_admin,2026-09-25 05:05:28.963776+00,2026-09-25 05:05:28.963776+00,null,2026-09-25 05:05:28.963776+00
e7d29c9c-be9d-43dd-90fe-bf8e7110504b,db618e68-0656-4b9b-b308-81e071faf745,Suga,Bryannaparker2521@gmail.com,primary_admin,2026-09-25 05:07:30.64595+00,2026-09-25 05:08:30.907342+00,null,2026-09-25 05:07:30.64595+00
7e27fcae-4369-443f-8132-ae702a91fa87,db618e68-0656-4b9b-b308-81e071faf745,Suga,Bryannaparker2521@gmail.com,primary_admin,2026-09-25 05:24:50.113224+00,2026-09-25 05:35:51.913404+00,null,2026-09-25 05:24:50.113224+00
28a1efec-79f3-4c51-a323-c74730bfc7ab,db618e68-0656-4b9b-b308-81e071faf745,Suga,Bryannaparker2521@gmail.com,primary_admin,2026-09-25 05:24:51.872626+00,2026-09-25 05:33:52.013603+00,null,2026-09-25 05:24:51.872626+00
979cc1b1-b4c3-4a01-ae06-6b23ab6fa17d,db618e68-0656-4b9b-b308-81e071faf745,Suga,Bryannaparker2521@gmail.com,primary_admin,2026-09-25 05:35:35.787738+00,2026-09-25 05:35:35.787738+00,null,2026-09-25 05:35:35.787738+00
fb44497c-0d15-4aa4-8565-087405b69c58,db618e68-0656-4b9b-b308-81e071faf745,Suga,Bryannaparker2521@gmail.com,primary_admin,2026-09-25 05:35:37.683744+00,2026-09-25 05:37:37.782845+00,null,2026-09-25 05:35:37.683744+00
c61dd8bf-0df5-4bd7-9033-3f3f1c3c1258,db618e68-0656-4b9b-b308-81e071faf745,Suga,Bryannaparker2521@gmail.com,primary_admin,2026-09-25 05:36:27.199364+00,2026-09-25 05:37:27.314917+00,null,2026-09-25 05:36:27.199364+00
43b23504-3534-4a5b-af1e-2717c00a5e36,db618e68-0656-4b9b-b308-81e071faf745,Suga,Bryannaparker2521@gmail.com,primary_admin,2026-09-25 05:41:16.137417+00,2026-09-25 05:46:17.086219+00,null,2026-09-25 05:41:16.137417+00
c09601f5-2fb2-4103-bb86-64c63039ef49,db618e68-0656-4b9b-b308-81e071faf745,Suga,Bryannaparker2521@gmail.com,primary_admin,2026-09-25 05:41:18.611492+00,2026-09-25 05:43:18.722518+00,null,2026-09-25 05:41:18.611492+00
f1fe1ffe-8953-4d13-ad42-3bb839baa7a9,db618e68-0656-4b9b-b308-81e071faf745,Suga,Bryannaparker2521@gmail.com,primary_admin,2026-09-25 06:09:31.159786+00,2026-09-25 06:09:31.159786+00,null,2026-09-25 06:09:31.159786+00
251a57b8-88e9-40c9-a98d-a48c6a844dac,db618e68-0656-4b9b-b308-81e071faf745,Suga,Bryannaparker2521@gmail.com,primary_admin,2026-09-25 06:09:46.001191+00,2026-09-25 09:20:45.979912+00,null,2026-09-25 06:09:46.001191+00
8e0648d7-ef13-4820-9967-0e4c948292a6,f887a689-ad83-436b-9425-1d19fa24086f,Love of Light,renitaparker@me.com,admin,2026-09-25 06:12:58.744473+00,2026-09-25 06:12:58.744473+00,null,2026-09-25 06:12:58.744473+00
38ffff59-641b-4078-a33d-3f1210174fa8,f887a689-ad83-436b-9425-1d19fa24086f,Love of Light,renitaparker@me.com,admin,2026-09-25 06:13:58.805945+00,2026-09-29 19:41:06.553309+00,null,2026-09-25 06:13:58.805945+00
c093af43-6eee-40df-b534-8703bd0f429f,db618e68-0656-4b9b-b308-81e071faf745,Suga,Bryannaparker2521@gmail.com,primary_admin,2026-09-25 07:47:19.471276+00,2026-09-25 07:48:19.64248+00,null,2026-09-25 07:47:19.471276+00
ac067a76-56b7-4b0e-9688-0ace245ef1ba,db618e68-0656-4b9b-b308-81e071faf745,Suga,Bryannaparker2521@gmail.com,primary_admin,2026-09-25 07:48:27.302933+00,2026-09-25 07:55:27.437784+00,null,2026-09-25 07:48:27.302933+00
1c11fcb1-f1b2-47a0-8122-84d25c890a45,db618e68-0656-4b9b-b308-81e071faf745,Suga,Bryannaparker2521@gmail.com,primary_admin,2026-09-25 07:58:21.63156+00,2026-09-25 08:03:21.891234+00,null,2026-09-25 07:58:21.63156+00
3a574e53-950d-46af-b442-eee3dc15b70a,db618e68-0656-4b9b-b308-81e071faf745,Suga,Bryannaparker2521@gmail.com,primary_admin,2026-09-25 07:58:47.244964+00,2026-09-25 08:03:47.354877+00,null,2026-09-25 07:58:47.244964+00
ab3ca4fa-cb13-4046-9684-71ae13d80a36,db618e68-0656-4b9b-b308-81e071faf745,Suga,Bryannaparker2521@gmail.com,primary_admin,2026-09-25 08:03:58.939712+00,2026-09-25 08:03:58.939712+00,null,2026-09-25 08:03:58.939712+00
6ef77306-fe3a-4738-8794-4fc9b4ab87d1,db618e68-0656-4b9b-b308-81e071faf745,Suga,Bryannaparker2521@gmail.com,primary_admin,2026-09-25 08:03:59.549518+00,2026-09-25 08:03:59.549518+00,null,2026-09-25 08:03:59.549518+00
1bc0ae69-f995-499c-91a8-061e1602826d,db618e68-0656-4b9b-b308-81e071faf745,Suga,Bryannaparker2521@gmail.com,primary_admin,2026-09-25 08:06:25.642923+00,2026-09-25 08:22:51.925077+00,null,2026-09-25 08:06:25.642923+00
795e389d-9f60-4d1f-8f9e-b7a5ae714283,db618e68-0656-4b9b-b308-81e071faf745,Suga,Bryannaparker2521@gmail.com,primary_admin,2026-09-25 08:06:27.702187+00,2026-09-25 08:07:28.014776+00,null,2026-09-25 08:06:27.702187+00
11727012-93ad-435c-ab51-f5af5e2a66ee,db618e68-0656-4b9b-b308-81e071faf745,Suga,Bryannaparker2521@gmail.com,primary_admin,2026-09-25 08:08:09.827719+00,2026-09-25 08:22:09.932856+00,null,2026-09-25 08:08:09.827719+00
d2cc552b-4d84-4e17-9add-355eb2445f50,db618e68-0656-4b9b-b308-81e071faf745,Suga,Bryannaparker2521@gmail.com,primary_admin,2026-09-25 08:23:29.052849+00,2026-09-25 08:35:29.226829+00,null,2026-09-25 08:23:29.052849+00
d7361aa5-ec81-4fcc-bbcc-94bee5817cca,db618e68-0656-4b9b-b308-81e071faf745,Suga,Bryannaparker2521@gmail.com,primary_admin,2026-09-25 08:23:29.749658+00,2026-09-25 08:35:29.90849+00,null,2026-09-25 08:23:29.749658+00
106b8f05-5264-4a86-b098-b20c444e3fcb,db618e68-0656-4b9b-b308-81e071faf745,Suga,Bryannaparker2521@gmail.com,primary_admin,2026-09-25 08:23:32.65607+00,2026-09-25 08:34:51.854476+00,null,2026-09-25 08:23:32.65607+00
df2b0432-1049-41bd-8b79-0b3ad30cffef,db618e68-0656-4b9b-b308-81e071faf745,Suga,Bryannaparker2521@gmail.com,primary_admin,2026-09-25 08:35:45.691213+00,2026-09-25 08:35:45.691213+00,null,2026-09-25 08:35:45.691213+00
27e3847f-f5c9-4b2f-a24f-8fab2af0b67f,db618e68-0656-4b9b-b308-81e071faf745,Suga,Bryannaparker2521@gmail.com,primary_admin,2026-09-25 08:35:45.777755+00,2026-09-25 08:35:45.777755+00,null,2026-09-25 08:35:45.777755+00
08ce7642-1236-402b-881c-1d5577fc397c,db618e68-0656-4b9b-b308-81e071faf745,Suga,Bryannaparker2521@gmail.com,primary_admin,2026-09-25 08:35:45.929151+00,2026-09-25 08:35:45.929151+00,null,2026-09-25 08:35:45.929151+00
da5daf26-1681-48a2-99e9-72595e9c28f7,db618e68-0656-4b9b-b308-81e071faf745,Suga,Bryannaparker2521@gmail.com,primary_admin,2026-09-25 08:36:31.421152+00,2026-09-25 08:39:31.709512+00,null,2026-09-25 08:36:31.421152+00
bef27492-c3c4-4033-8e9e-262e25059036,db618e68-0656-4b9b-b308-81e071faf745,Suga,Bryannaparker2521@gmail.com,primary_admin,2026-09-25 08:44:46.739505+00,2026-09-25 08:49:47.009912+00,null,2026-09-25 08:44:46.739505+00
b3a69efe-6736-4693-a868-be2005b4a496,db618e68-0656-4b9b-b308-81e071faf745,Suga,Bryannaparker2521@gmail.com,primary_admin,2026-09-25 08:53:14.00654+00,2026-09-25 08:53:14.00654+00,null,2026-09-25 08:53:14.00654+00
55f446bc-dfc7-41e6-be87-eae9385c7db2,db618e68-0656-4b9b-b308-81e071faf745,Suga,Bryannaparker2521@gmail.com,primary_admin,2026-09-25 09:01:09.546166+00,2026-09-25 09:07:09.705047+00,null,2026-09-25 09:01:09.546166+00
601c52be-020d-4bc5-b4b2-bd94995219d8,db618e68-0656-4b9b-b308-81e071faf745,Suga,Bryannaparker2521@gmail.com,primary_admin,2026-09-25 09:02:21.262303+00,2026-09-25 09:02:21.262303+00,null,2026-09-25 09:02:21.262303+00
eaba1292-5f58-434c-81e5-5d8eaac2d98c,db618e68-0656-4b9b-b308-81e071faf745,Suga,Bryannaparker2521@gmail.com,primary_admin,2026-09-25 09:09:06.943598+00,2026-09-25 09:09:09.652281+00,2026-09-25 09:09:09.652281+00,2026-09-25 09:09:06.943598+00
426dddca-ff7d-4afa-a254-d9ce5d7c700a,db618e68-0656-4b9b-b308-81e071faf745,Suga,Bryannaparker2521@gmail.com,primary_admin,2026-09-25 09:09:34.068055+00,2026-09-25 09:09:34.068055+00,null,2026-09-25 09:09:34.068055+00
7d5986f6-7312-4f81-ae3c-06b71bf83a58,db618e68-0656-4b9b-b308-81e071faf745,Suga,Bryannaparker2521@gmail.com,primary_admin,2026-09-25 09:21:45.733138+00,2026-09-25 09:21:45.733138+00,null,2026-09-25 09:21:45.733138+00
77de05e7-3b53-495b-97b6-c0ad91b20343,db618e68-0656-4b9b-b308-81e071faf745,Suga,Bryannaparker2521@gmail.com,primary_admin,2026-09-25 09:22:16.773159+00,2026-09-26 19:28:11.019124+00,null,2026-09-25 09:22:16.773159+00
4571235b-530d-4a21-9fdd-c6a0923321af,db618e68-0656-4b9b-b308-81e071faf745,Suga,Bryannaparker2521@gmail.com,primary_admin,2026-09-26 02:01:34.246659+00,2026-09-26 02:02:34.488669+00,null,2026-09-26 02:01:34.246659+00
9c386501-d77f-4463-bf19-ac68ddead4e7,db618e68-0656-4b9b-b308-81e071faf745,Suga,Bryannaparker2521@gmail.com,primary_admin,2026-09-26 02:13:31.372716+00,2026-09-26 03:34:31.490028+00,null,2026-09-26 02:13:31.372716+00
1ac5282f-cc9e-4c20-9d97-cef483b6066c,db618e68-0656-4b9b-b308-81e071faf745,Suga,Bryannaparker2521@gmail.com,primary_admin,2026-09-26 19:11:40.733077+00,2026-09-26 19:27:40.833403+00,null,2026-09-26 19:11:40.733077+00
534d0e9f-a8b7-4f74-a423-28dcd3452df5,db618e68-0656-4b9b-b308-81e071faf745,Suga,Bryannaparker2521@gmail.com,primary_admin,2026-09-29 18:22:09.105179+00,2026-09-29 18:28:09.264087+00,null,2026-09-29 18:22:09.105179+00
a7c7c7e5-6a49-4640-9a0a-aab0f56064b0,db618e68-0656-4b9b-b308-81e071faf745,Suga,Bryannaparker2521@gmail.com,primary_admin,2026-09-29 18:28:26.222133+00,2026-09-29 18:38:26.527785+00,null,2026-09-29 18:28:26.222133+00
3e18c6be-bb32-4aee-b42c-6bb22915428e,db618e68-0656-4b9b-b308-81e071faf745,Suga,Bryannaparker2521@gmail.com,primary_admin,2026-09-29 19:24:37.376629+00,2026-09-29 19:41:37.59659+00,null,2026-09-29 19:24:37.376629+00