owner_type,owner_name,owner_id,field,bucket,filename,url
character,Venny'Claire,eaaf8270-7b8d-4c38-99ee-3ac9d9b1b478,media.portraitUrl,studio-character-media,1790359991558-venny-claire-character-portrait.png,https://dblwgpiiwkjhdegsindx.supabase.co/storage/v1/object/public/studio-character-media/db618e68-0656-4b9b-b308-81e071faf745/eaaf8270-7b8d-4c38-99ee-3ac9d9b1b478/portrait/1790359991558-venny-claire-character-portrait.png
character,Venny'Claire,eaaf8270-7b8d-4c38-99ee-3ac9d9b1b478,media.referenceArtUrl,studio-character-media,1790359997049-venny-claire-reference-production-sheet.png,https://dblwgpiiwkjhdegsindx.supabase.co/storage/v1/object/public/studio-character-media/db618e68-0656-4b9b-b308-81e071faf745/eaaf8270-7b8d-4c38-99ee-3ac9d9b1b478/reference/1790359997049-venny-claire-reference-production-sheet.png
character,Venny'Claire,eaaf8270-7b8d-4c38-99ee-3ac9d9b1b478,media.alternateFormUrl,studio-character-media,1790360002404-venny-claire-alternate-true-form.png,https://dblwgpiiwkjhdegsindx.supabase.co/storage/v1/object/public/studio-character-media/db618e68-0656-4b9b-b308-81e071faf745/eaaf8270-7b8d-4c38-99ee-3ac9d9b1b478/alternate/1790360002404-venny-claire-alternate-true-form.png
character,"Vorlenien ""Vorlag"" Hochmeister",3fd4e4a6-bb47-4ed5-9d1f-cae8636d7a3a,media.portraitUrl,studio-character-media,1790363520697-vorlag-character-portrait.png,https://dblwgpiiwkjhdegsindx.supabase.co/storage/v1/object/public/studio-character-media/db618e68-0656-4b9b-b308-81e071faf745/3fd4e4a6-bb47-4ed5-9d1f-cae8636d7a3a/portrait/1790363520697-vorlag-character-portrait.png
character,"Vorlenien ""Vorlag"" Hochmeister",3fd4e4a6-bb47-4ed5-9d1f-cae8636d7a3a,media.referenceArtUrl,studio-character-media,1790363526757-vorlag-reference-production-sheet.png,https://dblwgpiiwkjhdegsindx.supabase.co/storage/v1/object/public/studio-character-media/db618e68-0656-4b9b-b308-81e071faf745/3fd4e4a6-bb47-4ed5-9d1f-cae8636d7a3a/reference/1790363526757-vorlag-reference-production-sheet.png
character,"Vorlenien ""Vorlag"" Hochmeister",3fd4e4a6-bb47-4ed5-9d1f-cae8636d7a3a,media.alternateFormUrl,studio-character-media,1790363531960-vorlag-alternate-true-form.png,https://dblwgpiiwkjhdegsindx.supabase.co/storage/v1/object/public/studio-character-media/db618e68-0656-4b9b-b308-81e071faf745/3fd4e4a6-bb47-4ed5-9d1f-cae8636d7a3a/alternate/1790363531960-vorlag-alternate-true-form.png
character,Cosmo,263952e8-6fc5-4a74-845f-374026eaf29d,media.portraitUrl,studio-character-media,1790363585841-cosmo-character-portrait.png,https://dblwgpiiwkjhdegsindx.supabase.co/storage/v1/object/public/studio-character-media/db618e68-0656-4b9b-b308-81e071faf745/263952e8-6fc5-4a74-845f-374026eaf29d/portrait/1790363585841-cosmo-character-portrait.png
character,Cosmo,263952e8-6fc5-4a74-845f-374026eaf29d,media.referenceArtUrl,studio-character-media,1790363591989-cosmo-reference-production-sheet.png,https://dblwgpiiwkjhdegsindx.supabase.co/storage/v1/object/public/studio-character-media/db618e68-0656-4b9b-b308-81e071faf745/263952e8-6fc5-4a74-845f-374026eaf29d/reference/1790363591989-cosmo-reference-production-sheet.png
character,Cosmo,263952e8-6fc5-4a74-845f-374026eaf29d,media.alternateFormUrl,studio-character-media,1790363598396-cosmo-alternate-true-form.png,https://dblwgpiiwkjhdegsindx.supabase.co/storage/v1/object/public/studio-character-media/db618e68-0656-4b9b-b308-81e071faf745/263952e8-6fc5-4a74-845f-374026eaf29d/alternate/1790363598396-cosmo-alternate-true-form.png
character,Calliope,34b16e35-6625-4143-b97b-a3b628d60617,media.portraitUrl,studio-character-media,1790363775772-calliope-character-portrait.png,https://dblwgpiiwkjhdegsindx.supabase.co/storage/v1/object/public/studio-character-media/db618e68-0656-4b9b-b308-81e071faf745/34b16e35-6625-4143-b97b-a3b628d60617/portrait/1790363775772-calliope-character-portrait.png
character,Calliope,34b16e35-6625-4143-b97b-a3b628d60617,media.referenceArtUrl,studio-character-media,1790363780954-calliope-reference-production-shee.png,https://dblwgpiiwkjhdegsindx.supabase.co/storage/v1/object/public/studio-character-media/db618e68-0656-4b9b-b308-81e071faf745/34b16e35-6625-4143-b97b-a3b628d60617/reference/1790363780954-calliope-reference-production-shee.png
character,Calliope,34b16e35-6625-4143-b97b-a3b628d60617,media.alternateFormUrl,studio-character-media,1790363787036-calliope-alternate-true-form.png,https://dblwgpiiwkjhdegsindx.supabase.co/storage/v1/object/public/studio-character-media/db618e68-0656-4b9b-b308-81e071faf745/34b16e35-6625-4143-b97b-a3b628d60617/alternate/1790363787036-calliope-alternate-true-form.png
character,Huxleigh,37c82673-519e-4ab9-bcea-ed600577eec0,media.portraitUrl,studio-character-media,1790363860158-huxleigh-character-portrait.png,https://dblwgpiiwkjhdegsindx.supabase.co/storage/v1/object/public/studio-character-media/db618e68-0656-4b9b-b308-81e071faf745/37c82673-519e-4ab9-bcea-ed600577eec0/portrait/1790363860158-huxleigh-character-portrait.png
character,Huxleigh,37c82673-519e-4ab9-bcea-ed600577eec0,media.referenceArtUrl,studio-character-media,1790363867954-huxleigh-reference-production-sheet.png,https://dblwgpiiwkjhdegsindx.supabase.co/storage/v1/object/public/studio-character-media/db618e68-0656-4b9b-b308-81e071faf745/37c82673-519e-4ab9-bcea-ed600577eec0/reference/1790363867954-huxleigh-reference-production-sheet.png
character,Huxleigh,37c82673-519e-4ab9-bcea-ed600577eec0,media.alternateFormUrl,studio-character-media,1790363873642-huxleigh-alternate-true-form.png,https://dblwgpiiwkjhdegsindx.supabase.co/storage/v1/object/public/studio-character-media/db618e68-0656-4b9b-b308-81e071faf745/37c82673-519e-4ab9-bcea-ed600577eec0/alternate/1790363873642-huxleigh-alternate-true-form.png
character,Sax,808d3a77-faab-458d-9d54-715ac887bb40,media.portraitUrl,studio-character-media,1790363965860-sax-character-portrait.png,https://dblwgpiiwkjhdegsindx.supabase.co/storage/v1/object/public/studio-character-media/db618e68-0656-4b9b-b308-81e071faf745/808d3a77-faab-458d-9d54-715ac887bb40/portrait/1790363965860-sax-character-portrait.png
character,Sax,808d3a77-faab-458d-9d54-715ac887bb40,media.referenceArtUrl,studio-character-media,1790363972828-sax-reference-production-sheet.png,https://dblwgpiiwkjhdegsindx.supabase.co/storage/v1/object/public/studio-character-media/db618e68-0656-4b9b-b308-81e071faf745/808d3a77-faab-458d-9d54-715ac887bb40/reference/1790363972828-sax-reference-production-sheet.png
character,Sax,808d3a77-faab-458d-9d54-715ac887bb40,media.alternateFormUrl,studio-character-media,1790363979976-sax-alternate-true-form.png,https://dblwgpiiwkjhdegsindx.supabase.co/storage/v1/object/public/studio-character-media/db618e68-0656-4b9b-b308-81e071faf745/808d3a77-faab-458d-9d54-715ac887bb40/alternate/1790363979976-sax-alternate-true-form.png
character,Herabelle,b317848b-4cba-46fa-8807-4c9ffd26392e,media.portraitUrl,studio-character-media,1790364033055-herabelle-character-portrait.png,https://dblwgpiiwkjhdegsindx.supabase.co/storage/v1/object/public/studio-character-media/db618e68-0656-4b9b-b308-81e071faf745/b317848b-4cba-46fa-8807-4c9ffd26392e/portrait/1790364033055-herabelle-character-portrait.png
character,Herabelle,b317848b-4cba-46fa-8807-4c9ffd26392e,media.referenceArtUrl,studio-character-media,1790364038492-herabelle-reference-production-sheet.png,https://dblwgpiiwkjhdegsindx.supabase.co/storage/v1/object/public/studio-character-media/db618e68-0656-4b9b-b308-81e071faf745/b317848b-4cba-46fa-8807-4c9ffd26392e/reference/1790364038492-herabelle-reference-production-sheet.png
character,Herabelle,b317848b-4cba-46fa-8807-4c9ffd26392e,media.alternateFormUrl,studio-character-media,1790364048033-herabelle-alternate-true-form.png,https://dblwgpiiwkjhdegsindx.supabase.co/storage/v1/object/public/studio-character-media/db618e68-0656-4b9b-b308-81e071faf745/b317848b-4cba-46fa-8807-4c9ffd26392e/alternate/1790364048033-herabelle-alternate-true-form.png
character,Peregrine,27d2993d-dc47-4027-9d2d-d0daed6b43c2,media.portraitUrl,studio-character-media,1790364115845-peregrine-character-portrait.png,https://dblwgpiiwkjhdegsindx.supabase.co/storage/v1/object/public/studio-character-media/db618e68-0656-4b9b-b308-81e071faf745/27d2993d-dc47-4027-9d2d-d0daed6b43c2/portrait/1790364115845-peregrine-character-portrait.png
character,Peregrine,27d2993d-dc47-4027-9d2d-d0daed6b43c2,media.referenceArtUrl,studio-character-media,1790364122249-peregrine-reference-production-sheet.png,https://dblwgpiiwkjhdegsindx.supabase.co/storage/v1/object/public/studio-character-media/db618e68-0656-4b9b-b308-81e071faf745/27d2993d-dc47-4027-9d2d-d0daed6b43c2/reference/1790364122249-peregrine-reference-production-sheet.png
character,Peregrine,27d2993d-dc47-4027-9d2d-d0daed6b43c2,media.alternateFormUrl,studio-character-media,1790364130239-peregrine-alternate-true-form.png,https://dblwgpiiwkjhdegsindx.supabase.co/storage/v1/object/public/studio-character-media/db618e68-0656-4b9b-b308-81e071faf745/27d2993d-dc47-4027-9d2d-d0daed6b43c2/alternate/1790364130239-peregrine-alternate-true-form.png
character,Gemma,60e6b4b0-fa5e-46ed-b202-7d8cea244f87,media.portraitUrl,studio-character-media,1790364214194-gemma-character-portrait.png,https://dblwgpiiwkjhdegsindx.supabase.co/storage/v1/object/public/studio-character-media/db618e68-0656-4b9b-b308-81e071faf745/60e6b4b0-fa5e-46ed-b202-7d8cea244f87/portrait/1790364214194-gemma-character-portrait.png
character,Gemma,60e6b4b0-fa5e-46ed-b202-7d8cea244f87,media.referenceArtUrl,studio-character-media,1790364310030-gemma-reference-production-sheet.png,https://dblwgpiiwkjhdegsindx.supabase.co/storage/v1/object/public/studio-character-media/db618e68-0656-4b9b-b308-81e071faf745/60e6b4b0-fa5e-46ed-b202-7d8cea244f87/reference/1790364310030-gemma-reference-production-sheet.png
character,Gemma,60e6b4b0-fa5e-46ed-b202-7d8cea244f87,media.alternateFormUrl,studio-character-media,1790364230710-gemma-alternate-true-form.png,https://dblwgpiiwkjhdegsindx.supabase.co/storage/v1/object/public/studio-character-media/db618e68-0656-4b9b-b308-81e071faf745/60e6b4b0-fa5e-46ed-b202-7d8cea244f87/alternate/1790364230710-gemma-alternate-true-form.png
character,King Kaelo,18527db0-a1c0-4b40-875d-8d911067a94a,media.portraitUrl,studio-character-media,1790360382571-king-kaelo-character-portrait.png,https://dblwgpiiwkjhdegsindx.supabase.co/storage/v1/object/public/studio-character-media/db618e68-0656-4b9b-b308-81e071faf745/18527db0-a1c0-4b40-875d-8d911067a94a/portrait/1790360382571-king-kaelo-character-portrait.png
character,King Kaelo,18527db0-a1c0-4b40-875d-8d911067a94a,media.referenceArtUrl,studio-character-media,1790360398954-king-kaelo-reference-production-sheet.png,https://dblwgpiiwkjhdegsindx.supabase.co/storage/v1/object/public/studio-character-media/db618e68-0656-4b9b-b308-81e071faf745/18527db0-a1c0-4b40-875d-8d911067a94a/reference/1790360398954-king-kaelo-reference-production-sheet.png
character,King Kaelo,18527db0-a1c0-4b40-875d-8d911067a94a,media.alternateFormUrl,studio-character-media,1790360411311-king-kaelo-alternate-true-form.png,https://dblwgpiiwkjhdegsindx.supabase.co/storage/v1/object/public/studio-character-media/db618e68-0656-4b9b-b308-81e071faf745/18527db0-a1c0-4b40-875d-8d911067a94a/alternate/1790360411311-king-kaelo-alternate-true-form.png
character,Venny'Macon,e229597e-305b-42fe-b232-1f78f3ac5735,media.portraitUrl,studio-character-media,1790360114514-venny-macon-character-portrait.png,https://dblwgpiiwkjhdegsindx.supabase.co/storage/v1/object/public/studio-character-media/db618e68-0656-4b9b-b308-81e071faf745/e229597e-305b-42fe-b232-1f78f3ac5735/portrait/1790360114514-venny-macon-character-portrait.png
character,Venny'Macon,e229597e-305b-42fe-b232-1f78f3ac5735,media.referenceArtUrl,studio-character-media,1790360121111-venny-macon-reference-production-sheet.png,https://dblwgpiiwkjhdegsindx.supabase.co/storage/v1/object/public/studio-character-media/db618e68-0656-4b9b-b308-81e071faf745/e229597e-305b-42fe-b232-1f78f3ac5735/reference/1790360121111-venny-macon-reference-production-sheet.png
character,Venny'Macon,e229597e-305b-42fe-b232-1f78f3ac5735,media.alternateFormUrl,studio-character-media,1790360126417-venny-macon-alternate-true-form.png,https://dblwgpiiwkjhdegsindx.supabase.co/storage/v1/object/public/studio-character-media/db618e68-0656-4b9b-b308-81e071faf745/e229597e-305b-42fe-b232-1f78f3ac5735/alternate/1790360126417-venny-macon-alternate-true-form.png
character,Gaius,2db0849d-a110-403b-a442-42bab2a31f6f,media.portraitUrl,studio-character-media,1790360157683-gaius-character-portrait.png,https://dblwgpiiwkjhdegsindx.supabase.co/storage/v1/object/public/studio-character-media/db618e68-0656-4b9b-b308-81e071faf745/2db0849d-a110-403b-a442-42bab2a31f6f/portrait/1790360157683-gaius-character-portrait.png
character,Gaius,2db0849d-a110-403b-a442-42bab2a31f6f,media.referenceArtUrl,studio-character-media,1790360166812-gaius-reference-production-sheet.png,https://dblwgpiiwkjhdegsindx.supabase.co/storage/v1/object/public/studio-character-media/db618e68-0656-4b9b-b308-81e071faf745/2db0849d-a110-403b-a442-42bab2a31f6f/reference/1790360166812-gaius-reference-production-sheet.png
character,Gaius,2db0849d-a110-403b-a442-42bab2a31f6f,media.alternateFormUrl,studio-character-media,1790360177853-gaius-alternate-true-form.png,https://dblwgpiiwkjhdegsindx.supabase.co/storage/v1/object/public/studio-character-media/db618e68-0656-4b9b-b308-81e071faf745/2db0849d-a110-403b-a442-42bab2a31f6f/alternate/1790360177853-gaius-alternate-true-form.png
character,Lord Alistar Vane,ccc902c8-99ac-442c-b404-783996e7218e,media.portraitUrl,studio-character-media,1790360559565-ailstar-character-portrait.png,https://dblwgpiiwkjhdegsindx.supabase.co/storage/v1/object/public/studio-character-media/db618e68-0656-4b9b-b308-81e071faf745/ccc902c8-99ac-442c-b404-783996e7218e/portrait/1790360559565-ailstar-character-portrait.png
character,Lord Alistar Vane,ccc902c8-99ac-442c-b404-783996e7218e,media.referenceArtUrl,studio-character-media,1790360575346-ailstar-reference-production-sheet.png,https://dblwgpiiwkjhdegsindx.supabase.co/storage/v1/object/public/studio-character-media/db618e68-0656-4b9b-b308-81e071faf745/ccc902c8-99ac-442c-b404-783996e7218e/reference/1790360575346-ailstar-reference-production-sheet.png
character,Lord Alistar Vane,ccc902c8-99ac-442c-b404-783996e7218e,media.alternateFormUrl,studio-character-media,1790360586376-ailstar-alternate-true-form.png,https://dblwgpiiwkjhdegsindx.supabase.co/storage/v1/object/public/studio-character-media/db618e68-0656-4b9b-b308-81e071faf745/ccc902c8-99ac-442c-b404-783996e7218e/alternate/1790360586376-ailstar-alternate-true-form.png
character,Silas,74fd4dac-0364-45fd-9aae-2e363ac3706d,media.portraitUrl,studio-character-media,1790360616164-silas-character-portrait.png,https://dblwgpiiwkjhdegsindx.supabase.co/storage/v1/object/public/studio-character-media/db618e68-0656-4b9b-b308-81e071faf745/74fd4dac-0364-45fd-9aae-2e363ac3706d/portrait/1790360616164-silas-character-portrait.png
character,Silas,74fd4dac-0364-45fd-9aae-2e363ac3706d,media.referenceArtUrl,studio-character-media,1790360624556-silas-reference-production-sheet.png,https://dblwgpiiwkjhdegsindx.supabase.co/storage/v1/object/public/studio-character-media/db618e68-0656-4b9b-b308-81e071faf745/74fd4dac-0364-45fd-9aae-2e363ac3706d/reference/1790360624556-silas-reference-production-sheet.png
character,Silas,74fd4dac-0364-45fd-9aae-2e363ac3706d,media.alternateFormUrl,studio-character-media,1790360632228-silas-alternate-true-form.png,https://dblwgpiiwkjhdegsindx.supabase.co/storage/v1/object/public/studio-character-media/db618e68-0656-4b9b-b308-81e071faf745/74fd4dac-0364-45fd-9aae-2e363ac3706d/alternate/1790360632228-silas-alternate-true-form.png
character,Lord Corvin Sterling,5de8dc77-a4f2-4117-8c92-105cfd9b2cd8,media.portraitUrl,studio-character-media,1790360678101-corvin-character-portrait.png,https://dblwgpiiwkjhdegsindx.supabase.co/storage/v1/object/public/studio-character-media/db618e68-0656-4b9b-b308-81e071faf745/5de8dc77-a4f2-4117-8c92-105cfd9b2cd8/portrait/1790360678101-corvin-character-portrait.png
character,Lord Corvin Sterling,5de8dc77-a4f2-4117-8c92-105cfd9b2cd8,media.referenceArtUrl,studio-character-media,1790360695453-corvin-reference-production-sheet.png,https://dblwgpiiwkjhdegsindx.supabase.co/storage/v1/object/public/studio-character-media/db618e68-0656-4b9b-b308-81e071faf745/5de8dc77-a4f2-4117-8c92-105cfd9b2cd8/reference/1790360695453-corvin-reference-production-sheet.png
character,Lord Corvin Sterling,5de8dc77-a4f2-4117-8c92-105cfd9b2cd8,media.alternateFormUrl,studio-character-media,1790360714190-corvin-alternate-true-form.png,https://dblwgpiiwkjhdegsindx.supabase.co/storage/v1/object/public/studio-character-media/db618e68-0656-4b9b-b308-81e071faf745/5de8dc77-a4f2-4117-8c92-105cfd9b2cd8/alternate/1790360714190-corvin-alternate-true-form.png
character,Zafir,6d00acef-a778-40bb-bfdc-f72787d0168f,media.portraitUrl,studio-character-media,1790360764956-zafir-character-portrait.png,https://dblwgpiiwkjhdegsindx.supabase.co/storage/v1/object/public/studio-character-media/db618e68-0656-4b9b-b308-81e071faf745/6d00acef-a778-40bb-bfdc-f72787d0168f/portrait/1790360764956-zafir-character-portrait.png
character,Zafir,6d00acef-a778-40bb-bfdc-f72787d0168f,media.referenceArtUrl,studio-character-media,1790360783492-zafir-reference-production-sheet.png,https://dblwgpiiwkjhdegsindx.supabase.co/storage/v1/object/public/studio-character-media/db618e68-0656-4b9b-b308-81e071faf745/6d00acef-a778-40bb-bfdc-f72787d0168f/reference/1790360783492-zafir-reference-production-sheet.png
character,Zafir,6d00acef-a778-40bb-bfdc-f72787d0168f,media.alternateFormUrl,studio-character-media,1790360789805-zafir-alternate-true-form.png,https://dblwgpiiwkjhdegsindx.supabase.co/storage/v1/object/public/studio-character-media/db618e68-0656-4b9b-b308-81e071faf745/6d00acef-a778-40bb-bfdc-f72787d0168f/alternate/1790360789805-zafir-alternate-true-form.png
character,Zafir,6d00acef-a778-40bb-bfdc-f72787d0168f,media.galleryUrls[0],studio-character-media,1790360795690-zafir-miniature-form.png,https://dblwgpiiwkjhdegsindx.supabase.co/storage/v1/object/public/studio-character-media/db618e68-0656-4b9b-b308-81e071faf745/6d00acef-a778-40bb-bfdc-f72787d0168f/gallery/1790360795690-zafir-miniature-form.png
character,Ezra,231f402f-3543-4506-a286-8bd29c6974e1,media.portraitUrl,studio-character-media,1790356417100-ezra-character-portrait.png,https://dblwgpiiwkjhdegsindx.supabase.co/storage/v1/object/public/studio-character-media/db618e68-0656-4b9b-b308-81e071faf745/231f402f-3543-4506-a286-8bd29c6974e1/portrait/1790356417100-ezra-character-portrait.png
character,Ezra,231f402f-3543-4506-a286-8bd29c6974e1,media.referenceArtUrl,studio-character-media,1790356429322-ezra-reference-production-sheet.png,https://dblwgpiiwkjhdegsindx.supabase.co/storage/v1/object/public/studio-character-media/db618e68-0656-4b9b-b308-81e071faf745/231f402f-3543-4506-a286-8bd29c6974e1/reference/1790356429322-ezra-reference-production-sheet.png
character,Ezra,231f402f-3543-4506-a286-8bd29c6974e1,media.alternateFormUrl,studio-character-media,1790356437345-ezra-alternate-true-form.png,https://dblwgpiiwkjhdegsindx.supabase.co/storage/v1/object/public/studio-character-media/db618e68-0656-4b9b-b308-81e071faf745/231f402f-3543-4506-a286-8bd29c6974e1/alternate/1790356437345-ezra-alternate-true-form.png
character,Ife,e3ed8aa4-6a04-4790-9eff-6a0c06066e35,media.portraitUrl,studio-character-media,1790355886982-ife-character-portrait-2.png,https://dblwgpiiwkjhdegsindx.supabase.co/storage/v1/object/public/studio-character-media/db618e68-0656-4b9b-b308-81e071faf745/e3ed8aa4-6a04-4790-9eff-6a0c06066e35/portrait/1790355886982-ife-character-portrait-2.png
character,Ife,e3ed8aa4-6a04-4790-9eff-6a0c06066e35,media.referenceArtUrl,studio-character-media,1790355900799-ife-reference-production-sheet.png,https://dblwgpiiwkjhdegsindx.supabase.co/storage/v1/object/public/studio-character-media/db618e68-0656-4b9b-b308-81e071faf745/e3ed8aa4-6a04-4790-9eff-6a0c06066e35/reference/1790355900799-ife-reference-production-sheet.png
character,Ife,e3ed8aa4-6a04-4790-9eff-6a0c06066e35,media.alternateFormUrl,studio-character-media,1790355917413-ife-alternate-true-form.png,https://dblwgpiiwkjhdegsindx.supabase.co/storage/v1/object/public/studio-character-media/db618e68-0656-4b9b-b308-81e071faf745/e3ed8aa4-6a04-4790-9eff-6a0c06066e35/alternate/1790355917413-ife-alternate-true-form.png
character,Shailara,bc34fdb8-22a5-439b-8067-e5b670626b0f,media.portraitUrl,studio-character-media,1790356221787-shailara-character-portrait.png,https://dblwgpiiwkjhdegsindx.supabase.co/storage/v1/object/public/studio-character-media/db618e68-0656-4b9b-b308-81e071faf745/bc34fdb8-22a5-439b-8067-e5b670626b0f/portrait/1790356221787-shailara-character-portrait.png
character,Shailara,bc34fdb8-22a5-439b-8067-e5b670626b0f,media.referenceArtUrl,studio-character-media,1790356235758-shailara-reference-production-sheet.png,https://dblwgpiiwkjhdegsindx.supabase.co/storage/v1/object/public/studio-character-media/db618e68-0656-4b9b-b308-81e071faf745/bc34fdb8-22a5-439b-8067-e5b670626b0f/reference/1790356235758-shailara-reference-production-sheet.png
character,Shailara,bc34fdb8-22a5-439b-8067-e5b670626b0f,media.alternateFormUrl,studio-character-media,1790356241924-shailara-alternate-true-form.png,https://dblwgpiiwkjhdegsindx.supabase.co/storage/v1/object/public/studio-character-media/db618e68-0656-4b9b-b308-81e071faf745/bc34fdb8-22a5-439b-8067-e5b670626b0f/alternate/1790356241924-shailara-alternate-true-form.png
character,Rahim,7e07c96b-9f3f-495f-b7b5-1e14cc4875f4,media.portraitUrl,studio-character-media,1790356514399-rahim-character-portrait.png,https://dblwgpiiwkjhdegsindx.supabase.co/storage/v1/object/public/studio-character-media/db618e68-0656-4b9b-b308-81e071faf745/7e07c96b-9f3f-495f-b7b5-1e14cc4875f4/portrait/1790356514399-rahim-character-portrait.png
character,Rahim,7e07c96b-9f3f-495f-b7b5-1e14cc4875f4,media.referenceArtUrl,studio-character-media,1790356521344-rahim-reference-production-sheet.png,https://dblwgpiiwkjhdegsindx.supabase.co/storage/v1/object/public/studio-character-media/db618e68-0656-4b9b-b308-81e071faf745/7e07c96b-9f3f-495f-b7b5-1e14cc4875f4/reference/1790356521344-rahim-reference-production-sheet.png
character,Rahim,7e07c96b-9f3f-495f-b7b5-1e14cc4875f4,media.alternateFormUrl,studio-character-media,1790356526948-rahim-alternate-true-form.png,https://dblwgpiiwkjhdegsindx.supabase.co/storage/v1/object/public/studio-character-media/db618e68-0656-4b9b-b308-81e071faf745/7e07c96b-9f3f-495f-b7b5-1e14cc4875f4/alternate/1790356526948-rahim-alternate-true-form.png
character,AshóNodia,7afd3c82-379f-4f9a-8907-13eef84fe662,media.portraitUrl,studio-character-media,1790356618371-ash-character-portrait.png,https://dblwgpiiwkjhdegsindx.supabase.co/storage/v1/object/public/studio-character-media/db618e68-0656-4b9b-b308-81e071faf745/7afd3c82-379f-4f9a-8907-13eef84fe662/portrait/1790356618371-ash-character-portrait.png
character,AshóNodia,7afd3c82-379f-4f9a-8907-13eef84fe662,media.referenceArtUrl,studio-character-media,1790356625725-ash-reference-production-sheet.png,https://dblwgpiiwkjhdegsindx.supabase.co/storage/v1/object/public/studio-character-media/db618e68-0656-4b9b-b308-81e071faf745/7afd3c82-379f-4f9a-8907-13eef84fe662/reference/1790356625725-ash-reference-production-sheet.png
character,AshóNodia,7afd3c82-379f-4f9a-8907-13eef84fe662,media.alternateFormUrl,studio-character-media,1790356635134-ash-alternate-true-form.png,https://dblwgpiiwkjhdegsindx.supabase.co/storage/v1/object/public/studio-character-media/db618e68-0656-4b9b-b308-81e071faf745/7afd3c82-379f-4f9a-8907-13eef84fe662/alternate/1790356635134-ash-alternate-true-form.png
character,Ylva Morwenna de la Vega,68184520-5c4b-48e9-a93b-668149340e3b,media.portraitUrl,studio-character-media,1790356662790-ylva-character-portrait.png,https://dblwgpiiwkjhdegsindx.supabase.co/storage/v1/object/public/studio-character-media/db618e68-0656-4b9b-b308-81e071faf745/68184520-5c4b-48e9-a93b-668149340e3b/portrait/1790356662790-ylva-character-portrait.png
character,Ylva Morwenna de la Vega,68184520-5c4b-48e9-a93b-668149340e3b,media.referenceArtUrl,studio-character-media,1790356671135-ylva-reference-production-sheet.png,https://dblwgpiiwkjhdegsindx.supabase.co/storage/v1/object/public/studio-character-media/db618e68-0656-4b9b-b308-81e071faf745/68184520-5c4b-48e9-a93b-668149340e3b/reference/1790356671135-ylva-reference-production-sheet.png
character,Ylva Morwenna de la Vega,68184520-5c4b-48e9-a93b-668149340e3b,media.alternateFormUrl,studio-character-media,1790356679144-ylva-alternate-true-form.png,https://dblwgpiiwkjhdegsindx.supabase.co/storage/v1/object/public/studio-character-media/db618e68-0656-4b9b-b308-81e071faf745/68184520-5c4b-48e9-a93b-668149340e3b/alternate/1790356679144-ylva-alternate-true-form.png
character,Count Vex,6358b47b-ec0c-4027-b539-5334a350b2ff,media.portraitUrl,studio-character-media,1790355157048-count-vex-character-portrait.png,https://dblwgpiiwkjhdegsindx.supabase.co/storage/v1/object/public/studio-character-media/db618e68-0656-4b9b-b308-81e071faf745/6358b47b-ec0c-4027-b539-5334a350b2ff/portrait/1790355157048-count-vex-character-portrait.png
character,Count Vex,6358b47b-ec0c-4027-b539-5334a350b2ff,media.referenceArtUrl,studio-character-media,1790355222664-count-vex-reference-production-sheet.png,https://dblwgpiiwkjhdegsindx.supabase.co/storage/v1/object/public/studio-character-media/db618e68-0656-4b9b-b308-81e071faf745/6358b47b-ec0c-4027-b539-5334a350b2ff/reference/1790355222664-count-vex-reference-production-sheet.png
character,Count Vex,6358b47b-ec0c-4027-b539-5334a350b2ff,media.alternateFormUrl,studio-character-media,1790355291182-count-vex-alternate-true-form.png,https://dblwgpiiwkjhdegsindx.supabase.co/storage/v1/object/public/studio-character-media/db618e68-0656-4b9b-b308-81e071faf745/6358b47b-ec0c-4027-b539-5334a350b2ff/alternate/1790355291182-count-vex-alternate-true-form.png
character,Nysera Sylvaris,35fd725a-f7b0-45a0-acc8-61958469e015,media.portraitUrl,studio-character-media,1790356295017-nysera-sylvaris-character-portrait.png,https://dblwgpiiwkjhdegsindx.supabase.co/storage/v1/object/public/studio-character-media/db618e68-0656-4b9b-b308-81e071faf745/35fd725a-f7b0-45a0-acc8-61958469e015/portrait/1790356295017-nysera-sylvaris-character-portrait.png
character,Nysera Sylvaris,35fd725a-f7b0-45a0-acc8-61958469e015,media.referenceArtUrl,studio-character-media,1790356310666-nysera-sylvaris-reference-production-sheet.png,https://dblwgpiiwkjhdegsindx.supabase.co/storage/v1/object/public/studio-character-media/db618e68-0656-4b9b-b308-81e071faf745/35fd725a-f7b0-45a0-acc8-61958469e015/reference/1790356310666-nysera-sylvaris-reference-production-sheet.png
character,Nysera Sylvaris,35fd725a-f7b0-45a0-acc8-61958469e015,media.alternateFormUrl,studio-character-media,1790356321872-nysera-sylvaris-2-alternate-true-form.png,https://dblwgpiiwkjhdegsindx.supabase.co/storage/v1/object/public/studio-character-media/db618e68-0656-4b9b-b308-81e071faf745/35fd725a-f7b0-45a0-acc8-61958469e015/alternate/1790356321872-nysera-sylvaris-2-alternate-true-form.png
character,Mvula,f1a92df4-a271-4f90-beb5-662c725b2661,media.portraitUrl,studio-character-media,1790321436461-mvula-character-portrait.png,https://dblwgpiiwkjhdegsindx.supabase.co/storage/v1/object/public/studio-character-media/db618e68-0656-4b9b-b308-81e071faf745/f1a92df4-a271-4f90-beb5-662c725b2661/portrait/1790321436461-mvula-character-portrait.png
character,Mvula,f1a92df4-a271-4f90-beb5-662c725b2661,media.referenceArtUrl,studio-character-media,1790321444313-mvula-reference-production-sheet.png,https://dblwgpiiwkjhdegsindx.supabase.co/storage/v1/object/public/studio-character-media/db618e68-0656-4b9b-b308-81e071faf745/f1a92df4-a271-4f90-beb5-662c725b2661/reference/1790321444313-mvula-reference-production-sheet.png
character,Ruchika,7538e2ae-03cd-4c2f-a116-05e51b4fa245,media.portraitUrl,studio-character-media,1790317260638-ruchika-s-character-portrait.png,https://dblwgpiiwkjhdegsindx.supabase.co/storage/v1/object/public/studio-character-media/db618e68-0656-4b9b-b308-81e071faf745/7538e2ae-03cd-4c2f-a116-05e51b4fa245/portrait/1790317260638-ruchika-s-character-portrait.png
character,Ruchika,7538e2ae-03cd-4c2f-a116-05e51b4fa245,media.referenceArtUrl,studio-character-media,1790317393231-ruchika-s-reference-production-sheet.png,https://dblwgpiiwkjhdegsindx.supabase.co/storage/v1/object/public/studio-character-media/db618e68-0656-4b9b-b308-81e071faf745/7538e2ae-03cd-4c2f-a116-05e51b4fa245/reference/1790317393231-ruchika-s-reference-production-sheet.png
character,Ruchika,7538e2ae-03cd-4c2f-a116-05e51b4fa245,media.alternateFormUrl,studio-character-media,1790317539819-ruchika-s-alternate-true-form.png,https://dblwgpiiwkjhdegsindx.supabase.co/storage/v1/object/public/studio-character-media/db618e68-0656-4b9b-b308-81e071faf745/7538e2ae-03cd-4c2f-a116-05e51b4fa245/alternate/1790317539819-ruchika-s-alternate-true-form.png
character,Terrax,302f42c7-2c06-47de-a5ef-6d2940d026bf,media.portraitUrl,studio-character-media,1790318633853-terrax-character-portrait.png,https://dblwgpiiwkjhdegsindx.supabase.co/storage/v1/object/public/studio-character-media/db618e68-0656-4b9b-b308-81e071faf745/302f42c7-2c06-47de-a5ef-6d2940d026bf/portrait/1790318633853-terrax-character-portrait.png
character,Terrax,302f42c7-2c06-47de-a5ef-6d2940d026bf,media.referenceArtUrl,studio-character-media,1790318701593-terrax-reference-production-sheet.png,https://dblwgpiiwkjhdegsindx.supabase.co/storage/v1/object/public/studio-character-media/db618e68-0656-4b9b-b308-81e071faf745/302f42c7-2c06-47de-a5ef-6d2940d026bf/reference/1790318701593-terrax-reference-production-sheet.png
character,Terrax,302f42c7-2c06-47de-a5ef-6d2940d026bf,media.alternateFormUrl,studio-character-media,1790318762884-terrax-alternate-true-form.png,https://dblwgpiiwkjhdegsindx.supabase.co/storage/v1/object/public/studio-character-media/db618e68-0656-4b9b-b308-81e071faf745/302f42c7-2c06-47de-a5ef-6d2940d026bf/alternate/1790318762884-terrax-alternate-true-form.png
character,Atherous,c48e35c9-e98d-414c-afb7-ae85f99eb649,media.portraitUrl,studio-character-media,1790319732526-aetheros-character-portrait.png,https://dblwgpiiwkjhdegsindx.supabase.co/storage/v1/object/public/studio-character-media/db618e68-0656-4b9b-b308-81e071faf745/c48e35c9-e98d-414c-afb7-ae85f99eb649/portrait/1790319732526-aetheros-character-portrait.png
character,Atherous,c48e35c9-e98d-414c-afb7-ae85f99eb649,media.referenceArtUrl,studio-character-media,1790319737660-aetheros-reference-production-sheet.png,https://dblwgpiiwkjhdegsindx.supabase.co/storage/v1/object/public/studio-character-media/db618e68-0656-4b9b-b308-81e071faf745/c48e35c9-e98d-414c-afb7-ae85f99eb649/reference/1790319737660-aetheros-reference-production-sheet.png
character,Atherous,c48e35c9-e98d-414c-afb7-ae85f99eb649,media.alternateFormUrl,studio-character-media,1790319744447-aetheros-alternate-true-form.png,https://dblwgpiiwkjhdegsindx.supabase.co/storage/v1/object/public/studio-character-media/db618e68-0656-4b9b-b308-81e071faf745/c48e35c9-e98d-414c-afb7-ae85f99eb649/alternate/1790319744447-aetheros-alternate-true-form.png
character,Ignis,56793a81-e4e6-48b9-a18a-28f6783ead66,media.portraitUrl,studio-character-media,1790318177179-ignis-character-portrait.png,https://dblwgpiiwkjhdegsindx.supabase.co/storage/v1/object/public/studio-character-media/db618e68-0656-4b9b-b308-81e071faf745/56793a81-e4e6-48b9-a18a-28f6783ead66/portrait/1790318177179-ignis-character-portrait.png
character,Ignis,56793a81-e4e6-48b9-a18a-28f6783ead66,media.referenceArtUrl,studio-character-media,1790318348588-ignis-reference-production-sheet.png,https://dblwgpiiwkjhdegsindx.supabase.co/storage/v1/object/public/studio-character-media/db618e68-0656-4b9b-b308-81e071faf745/56793a81-e4e6-48b9-a18a-28f6783ead66/reference/1790318348588-ignis-reference-production-sheet.png
character,Ignis,56793a81-e4e6-48b9-a18a-28f6783ead66,media.alternateFormUrl,studio-character-media,1790318419544-ignis-alternate-true-form.png,https://dblwgpiiwkjhdegsindx.supabase.co/storage/v1/object/public/studio-character-media/db618e68-0656-4b9b-b308-81e071faf745/56793a81-e4e6-48b9-a18a-28f6783ead66/alternate/1790318419544-ignis-alternate-true-form.png
character,Shuǐmǔ Lánhuá,b2d998c0-1754-4a6a-af91-281d65ded816,media.portraitUrl,studio-character-media,1790319597422-shu-m-l-nhu-character-portrait.png,https://dblwgpiiwkjhdegsindx.supabase.co/storage/v1/object/public/studio-character-media/db618e68-0656-4b9b-b308-81e071faf745/b2d998c0-1754-4a6a-af91-281d65ded816/portrait/1790319597422-shu-m-l-nhu-character-portrait.png
character,Shuǐmǔ Lánhuá,b2d998c0-1754-4a6a-af91-281d65ded816,media.referenceArtUrl,studio-character-media,1790319612245-shu-m-l-nhu-reference-production-sheet.png,https://dblwgpiiwkjhdegsindx.supabase.co/storage/v1/object/public/studio-character-media/db618e68-0656-4b9b-b308-81e071faf745/b2d998c0-1754-4a6a-af91-281d65ded816/reference/1790319612245-shu-m-l-nhu-reference-production-sheet.png
character,Shuǐmǔ Lánhuá,b2d998c0-1754-4a6a-af91-281d65ded816,media.alternateFormUrl,studio-character-media,1790319622886-shu-m-l-nhu-alternate-true-form.png,https://dblwgpiiwkjhdegsindx.supabase.co/storage/v1/object/public/studio-character-media/db618e68-0656-4b9b-b308-81e071faf745/b2d998c0-1754-4a6a-af91-281d65ded816/alternate/1790319622886-shu-m-l-nhu-alternate-true-form.png
character,Xolani,b6617db7-3178-4a31-bbc6-420bd1e8c605,media.portraitUrl,studio-character-media,1790320005150-xolani-character-portrait.png,https://dblwgpiiwkjhdegsindx.supabase.co/storage/v1/object/public/studio-character-media/db618e68-0656-4b9b-b308-81e071faf745/b6617db7-3178-4a31-bbc6-420bd1e8c605/portrait/1790320005150-xolani-character-portrait.png
character,Xolani,b6617db7-3178-4a31-bbc6-420bd1e8c605,media.referenceArtUrl,studio-character-media,1790320018088-xolani-reference-production-sheet.png,https://dblwgpiiwkjhdegsindx.supabase.co/storage/v1/object/public/studio-character-media/db618e68-0656-4b9b-b308-81e071faf745/b6617db7-3178-4a31-bbc6-420bd1e8c605/reference/1790320018088-xolani-reference-production-sheet.png
character,Xolani,b6617db7-3178-4a31-bbc6-420bd1e8c605,media.alternateFormUrl,studio-character-media,1790320022686-xolani-alternate-true-form.png,https://dblwgpiiwkjhdegsindx.supabase.co/storage/v1/object/public/studio-character-media/db618e68-0656-4b9b-b308-81e071faf745/b6617db7-3178-4a31-bbc6-420bd1e8c605/alternate/1790320022686-xolani-alternate-true-form.png
character,Kusa-No-Shin Durasurya,b4f84058-548a-4ea6-ac43-f83d7cc7275e,media.portraitUrl,studio-character-media,1790319871004-kusa-no-shin-character-portrait.png,https://dblwgpiiwkjhdegsindx.supabase.co/storage/v1/object/public/studio-character-media/db618e68-0656-4b9b-b308-81e071faf745/b4f84058-548a-4ea6-ac43-f83d7cc7275e/portrait/1790319871004-kusa-no-shin-character-portrait.png
character,Kusa-No-Shin Durasurya,b4f84058-548a-4ea6-ac43-f83d7cc7275e,media.referenceArtUrl,studio-character-media,1790319878935-kus-no-shin-reference-production-sheet.png,https://dblwgpiiwkjhdegsindx.supabase.co/storage/v1/object/public/studio-character-media/db618e68-0656-4b9b-b308-81e071faf745/b4f84058-548a-4ea6-ac43-f83d7cc7275e/reference/1790319878935-kus-no-shin-reference-production-sheet.png
character,Kusa-No-Shin Durasurya,b4f84058-548a-4ea6-ac43-f83d7cc7275e,media.alternateFormUrl,studio-character-media,1790319885670-kusa-no-shin-alternate-true-form.png,https://dblwgpiiwkjhdegsindx.supabase.co/storage/v1/object/public/studio-character-media/db618e68-0656-4b9b-b308-81e071faf745/b4f84058-548a-4ea6-ac43-f83d7cc7275e/alternate/1790319885670-kusa-no-shin-alternate-true-form.png
